Item,Price,Units
Baby Carrots,$ 1.29,each
Baby Spinach,$ 1.99,lb
Beets,$ 0.69,lb
Broccoli,$ 1.29,lb
Brussels Sprouts,$ 1.49,lb
Butternut Squash,$ 0.79,lb
Carrots,$ 0.69,lb
Cauliflower,$ 3.29,each
Celery Bunch,$ 1.49,each
Collard Greens,$ 1.89,lb
Cucumber,$ 0.69,each
Eggplant,$ 1.49,lb
Garlic,$ 4.49,lb
Ginger Root,$ 1.99,lb
Grape Tomatoes,$ 1.99,each
Green Asparagus Bunch,$ 3.69,each
Green Bell Peppers,$ 1.49,lb
Green Cabbage,$ 0.69,lb
Jalapeno Peppers,$ 1.99,lb
Kale,$ 1.29,lb
Leeks,$ 1.29,lb
Little Leaf Farms Baby Crispy Green Leaf Lettuce,$ 1.99,each
Little Leaf Farms Baby Red & Green Leaf Lettuce,$ 1.99,each
Little Leaf Farms Baby Spring Mix,$ 1.99,each
Organic Baby Carrots,$ 2.29,each
Portobello Mushrooms,$ 1.79,lb
Red Bell Peppers,$ 1.99,lb
Red Cabbage,$ 0.69,lb
Red Onions,$ 1.69,lb
Red Potatoes,$ 0.59,lb
Romaine Lettuce Hearts,$ 4.99,each
Russet Chef Potatoes,$ 0.99,lb
Scallions / Green Onions (bunch),$ 1.49,each
Serrano Chili,$ 1.99,lb
Yuca,$ 0.99,lb
Chayote,$ 1.29,lb
Malanga Eddoe,$ 1.69,lb
Sweet Potatoes,$ 0.69,lb
Tomato Medley,$ 2.49,each
Tomatoes on the Vine,$ 1.99,lb
White Mushrooms,$ 1.99,each
Yellow Onions,$ 0.79,lb
Yellow Bell Peppers,$ 2.99,lb
Zucchini Squash,$ 0.99,lb
Beefsteak Tomatoes,$ 0.99,lb
"Baby White Potato, 24oz",$ 3.99,each
Loose Yukon Gold Potato,$ 0.99,lb
"Potatoes, 5lb bag",$ 2.49,each
"Russet Potatoes, 5lb bag",$ 2.49,each
Baby Bok Choy,$ 1.49,lb
White Onions,$ 1.49,lb
Orange Bell Peppers,$ 2.99,lb
Asian Pears,$ 1.69,lb
Avocados,$ 0.99,each
Bananas,$ 0.39,lb
Blood Oranges,$ 0.79,each
Blueberries (11 oz),$ 2.29,each
Cantaloupe Melon,$ 1.99,each
Clementines (3 lb bag),$ 4.99,each
Fuji Apples,$ 1.59,lb
Gala Apples,$ 1.59,lb
Granny Smith Apples,$ 1.59,lb
Grapefruit,$ 0.99,each
Green Pears,$ 1.29,lb
Green Seedless Grapes,$ 2.49,lb
Honeycrisp Apples,$ 1.59,lb
Kiwi,$ 0.39,each
Lemons,$ 0.39,each
Limes,$ 0.69,each
Mangoes,$ 1.29,each
Navel Oranges,$ 0.79,each
Papayas,$ 1.49,lb
Pineapple,$ 2.29,each
Plantains,$ 0.39,each
Raspberries,$ 2.49,each
Red Pears,$ 1.29,lb
Red Seeded Grapes,$ 3.29,lb
Red Seedless Grapes,$ 1.99,lb
Cara Cara,$ 0.79,each
Strawberries,$ 2.99,each
Blackberries,$ 3.29,each
Pink Lady Apples,$ 1.59,each
Cilantro Bunch,$ 0.79,each
Parsley,$ 0.79,each
Cilantro Bunch,$ 0.79,each
Parsley,$ 0.79,each
Cilantro Bunch,$ 0.79,each
Parsley,$ 0.79,each
Daily Table Bean And Cheese Burrito,$ 1.99,each
Daily Table Chicken Caesar Wrap,$ 3.49,each
Daily Table Chicken Salad With Apple,$ 2.49,each
Daily Table Egg Salad,$ 2.49,each
Daily Table Jerk Chicken,$ 2.29,each
Daily Table Quiche Half,$ 2.99,each
Daily Table Roasted Whole Chicken,$ 4.99,each
Daily Table Tuna Salad,$ 1.99,each
Daily Table Tuna Salad,$ 1.99,each
Daily Table Tuna Salad Wrap,$ 2.49,each
Daily Table Tuna Salad Wrap,$ 2.49,each
Daily Table Turkey Sandwich with Avocado Crema,$ 2.99,each
Daily Table Turkey Sandwich with Avocado Crema,$ 2.99,each
Cheese Flatbread,$ 1.99,each
Daily Table Chicken and Shrimp Gumbo,$ 2.99,each
Daily Table Cheese Ravioli With Butternut Squash Sauce,$ 2.99,each
Daily Table Chicken Sriracha Ranch Wrap,$ 3.49,each
Daily Table Caprese Sandwich,$ 3.49,each
Daily Table Bean And Cheese Burrito,$ 1.99,each
Daily Table Chicken Caesar Wrap,$ 3.49,each
Daily Table Chicken Salad With Apple,$ 2.49,each
Daily Table Egg Salad,$ 2.49,each
Daily Table Jerk Chicken,$ 2.29,each
Daily Table Quiche Half,$ 2.99,each
Daily Table Roasted Whole Chicken,$ 4.99,each
Daily Table Tuna Salad,$ 1.99,each
Daily Table Tuna Salad,$ 1.99,each
Daily Table Tuna Salad Wrap,$ 2.49,each
Daily Table Tuna Salad Wrap,$ 2.49,each
Daily Table Turkey Sandwich with Avocado Crema,$ 2.99,each
Daily Table Turkey Sandwich with Avocado Crema,$ 2.99,each
Cheese Flatbread,$ 1.99,each
Daily Table Chicken and Shrimp Gumbo,$ 2.99,each
Daily Table Cheese Ravioli With Butternut Squash Sauce,$ 2.99,each
Daily Table Chicken Sriracha Ranch Wrap,$ 3.49,each
Daily Table Caprese Sandwich,$ 3.49,each
Daily Table Bean And Cheese Burrito,$ 1.99,each
Daily Table Chicken Caesar Wrap,$ 3.49,each
Daily Table Chicken Salad With Apple,$ 2.49,each
Daily Table Egg Salad,$ 2.49,each
Daily Table Jerk Chicken,$ 2.29,each
Daily Table Quiche Half,$ 2.99,each
Daily Table Roasted Whole Chicken,$ 4.99,each
Daily Table Tuna Salad,$ 1.99,each
Daily Table Tuna Salad,$ 1.99,each
Daily Table Tuna Salad Wrap,$ 2.49,each
Daily Table Tuna Salad Wrap,$ 2.49,each
Daily Table Turkey Sandwich with Avocado Crema,$ 2.99,each
Daily Table Turkey Sandwich with Avocado Crema,$ 2.99,each
Cheese Flatbread,$ 1.99,each
Daily Table Chicken and Shrimp Gumbo,$ 2.99,each
Daily Table Cheese Ravioli With Butternut Squash Sauce,$ 2.99,each
Daily Table Chicken Sriracha Ranch Wrap,$ 3.49,each
Daily Table Caprese Sandwich,$ 3.49,each
Daily Table BBQ Chicken with Collards and Broccoli Slaw,$ 3.99,each
Daily Table Jerk White Fish Meal,$ 3.99,each
Daily Table Roasted Chicken with Brown Rice & Veggies,$ 1.99,each
Daily Table Szechuan Beef Bowl,$ 3.99,each
Daily Table Chicken Sausage Pasta Marinara,$ 2.99,each
Daily Table Chicken Chile Verde,$ 2.99,each
Daily Table Caribbean Curry Fish,$ 2.99,each
Daily Table BBQ Chicken with Collards and Broccoli Slaw,$ 3.99,each
Daily Table Jerk White Fish Meal,$ 3.99,each
Daily Table Roasted Chicken with Brown Rice & Veggies,$ 1.99,each
Daily Table Szechuan Beef Bowl,$ 3.99,each
Daily Table Chicken Sausage Pasta Marinara,$ 2.99,each
Daily Table Chicken Chile Verde,$ 2.99,each
Daily Table Caribbean Curry Fish,$ 2.99,each
Daily Table BBQ Chicken with Collards and Broccoli Slaw,$ 3.99,each
Daily Table Jerk White Fish Meal,$ 3.99,each
Daily Table Roasted Chicken with Brown Rice & Veggies,$ 1.99,each
Daily Table Szechuan Beef Bowl,$ 3.99,each
Daily Table Chicken Sausage Pasta Marinara,$ 2.99,each
Daily Table Chicken Chile Verde,$ 2.99,each
Daily Table Caribbean Curry Fish,$ 2.99,each
"Daily Table ""The Works"" Salad",$ 3.99,each
Daily Table Garden Salad,$ 1.99,each
Daily Table Moroccan Chickpea Kale Salad,$ 3.49,each
Asian Edamame Salad,$ 2.99,each
"Daily Table ""The Works"" Salad",$ 3.99,each
Daily Table Garden Salad,$ 1.99,each
Daily Table Moroccan Chickpea Kale Salad,$ 3.49,each
Asian Edamame Salad,$ 2.99,each
"Daily Table ""The Works"" Salad",$ 3.99,each
Daily Table Garden Salad,$ 1.99,each
Daily Table Moroccan Chickpea Kale Salad,$ 3.49,each
Asian Edamame Salad,$ 2.99,each
Daily Table Beef Chili,$ 3.99,each
Daily Table Chicken Soup with Rice,$ 2.99,each
Daily Table Roasted Red Pepper and Tomato Soup,$ 2.49,each
Daily Table Spicy Vegan 3 Bean Chili,$ 2.99,each
Daily Table White Bean & Kale Soup,$ 2.99,each
Daily Table Red Curry Butternut Squash Soup with Coconut and Lemongrass,$ 1.99,each
Daily Table Minestrone 24 oz,$ 2.99,each
Daily Table Beef Chili,$ 3.99,each
Daily Table Chicken Soup with Rice,$ 2.99,each
Daily Table Roasted Red Pepper and Tomato Soup,$ 2.49,each
Daily Table Spicy Vegan 3 Bean Chili,$ 2.99,each
Daily Table White Bean & Kale Soup,$ 2.99,each
Daily Table Red Curry Butternut Squash Soup with Coconut and Lemongrass,$ 1.99,each
Daily Table Minestrone 24 oz,$ 2.99,each
Daily Table Beef Chili,$ 3.99,each
Daily Table Chicken Soup with Rice,$ 2.99,each
Daily Table Roasted Red Pepper and Tomato Soup,$ 2.49,each
Daily Table Spicy Vegan 3 Bean Chili,$ 2.99,each
Daily Table White Bean & Kale Soup,$ 2.99,each
Daily Table Red Curry Butternut Squash Soup with Coconut and Lemongrass,$ 1.99,each
Daily Table Minestrone 24 oz,$ 2.99,each
Daily Table Garlic Roasted Potatoes,$ 1.49,each
Daily Table Macaroni Tuna Salad,$ 1.99,each
Daily Table Potato Salad,$ 1.99,each
Daily Table Apple Turnover,$ 1.99,each
"Sweet Potato Pie - 9"" Half Pie",$ 3.49,each
Daily Table Garlic Roasted Potatoes,$ 1.49,each
Daily Table Macaroni Tuna Salad,$ 1.99,each
Daily Table Potato Salad,$ 1.99,each
Daily Table Apple Turnover,$ 1.99,each
"Sweet Potato Pie - 9"" Half Pie",$ 3.49,each
Daily Table Garlic Roasted Potatoes,$ 1.49,each
Daily Table Macaroni Tuna Salad,$ 1.99,each
Daily Table Potato Salad,$ 1.99,each
Daily Table Apple Turnover,$ 1.99,each
"Sweet Potato Pie - 9"" Half Pie",$ 3.49,each
Beef Sirloin Tip Steak,$ 8.99,lb
Beef Stew Meat,$ 4.99,each
Butterball Original Turkey Bacon,$ 2.99,each
Ground Beef 80% Lean,$ 4.29,lb
Ground Pork,$ 3.49,each
Jamestown Sliced Bacon,$ 4.69,each
Pork Chops,$ 2.99,lb
Smithfield Maple Boneless Ham Steak,$ 2.99,each
Shady Brook Farms 85% Ground Turkey,$ 4.79,each
Butterball Turkey Polska Kielbasa,$ 3.19,each
Beef Hamburger Patties 85/15,$ 6.99,each
Pork Spare Ribs,$ 44.82,14.99 lb
Beef Sirloin Tip Steak,$ 8.99,lb
Beef Stew Meat,$ 4.99,each
Butterball Original Turkey Bacon,$ 2.99,each
Ground Beef 80% Lean,$ 4.29,lb
Ground Pork,$ 3.49,each
Jamestown Sliced Bacon,$ 4.69,each
Pork Chops,$ 2.99,lb
Smithfield Maple Boneless Ham Steak,$ 2.99,each
Shady Brook Farms 85% Ground Turkey,$ 4.79,each
Butterball Turkey Polska Kielbasa,$ 3.19,each
Beef Hamburger Patties 85/15,$ 6.99,each
Pork Spare Ribs,$ 44.82,14.99 lb
Beef Sirloin Tip Steak,$ 8.99,lb
Beef Stew Meat,$ 4.99,each
Butterball Original Turkey Bacon,$ 2.99,each
Ground Beef 80% Lean,$ 4.29,lb
Ground Pork,$ 3.49,each
Jamestown Sliced Bacon,$ 4.69,each
Pork Chops,$ 2.99,lb
Smithfield Maple Boneless Ham Steak,$ 2.99,each
Shady Brook Farms 85% Ground Turkey,$ 4.79,each
Butterball Turkey Polska Kielbasa,$ 3.19,each
Beef Hamburger Patties 85/15,$ 6.99,each
Pork Spare Ribs,$ 44.82,14.99 lb
Chicken Breast,$ 2.99,lb
Chicken Drumsticks,$ 1.39,lb
Chicken Tenders,$ 3.69,lb
Chicken Thighs Bone-In,$ 1.39,lb
"Chicken Thighs Boneless, Skinless",$ 2.69,lb
Chicken Wings,$ 3.99,lb
Al Fresco Spicy Jalapeno Chicken Sausage,$ 4.99,each
Al Fresco Sweet Italian Chicken Sausage,$ 4.99,each
Al Fresco Roasted Pepper and Asiago Chicken Sausage,$ 4.99,each
Al Fresco Sweet Apple Chicken Sausage,$ 4.99,each
Chicken Breast,$ 2.99,lb
Chicken Drumsticks,$ 1.39,lb
Chicken Tenders,$ 3.69,lb
Chicken Thighs Bone-In,$ 1.39,lb
"Chicken Thighs Boneless, Skinless",$ 2.69,lb
Chicken Wings,$ 3.99,lb
Al Fresco Spicy Jalapeno Chicken Sausage,$ 4.99,each
Al Fresco Sweet Italian Chicken Sausage,$ 4.99,each
Al Fresco Roasted Pepper and Asiago Chicken Sausage,$ 4.99,each
Al Fresco Sweet Apple Chicken Sausage,$ 4.99,each
Chicken Breast,$ 2.99,lb
Chicken Drumsticks,$ 1.39,lb
Chicken Tenders,$ 3.69,lb
Chicken Thighs Bone-In,$ 1.39,lb
"Chicken Thighs Boneless, Skinless",$ 2.69,lb
Chicken Wings,$ 3.99,lb
Al Fresco Spicy Jalapeno Chicken Sausage,$ 4.99,each
Al Fresco Sweet Italian Chicken Sausage,$ 4.99,each
Al Fresco Roasted Pepper and Asiago Chicken Sausage,$ 4.99,each
Al Fresco Sweet Apple Chicken Sausage,$ 4.99,each
Fresh Haddock,$ 5.99,lb
Fresh Salmon Farm Raised,$ 5.99,lb
Fresh Swordfish Line Caught,$ 5.99,lb
Fresh Haddock,$ 5.99,lb
Fresh Salmon Farm Raised,$ 5.99,lb
Fresh Swordfish Line Caught,$ 5.99,lb
Fresh Haddock,$ 5.99,lb
Fresh Salmon Farm Raised,$ 5.99,lb
Fresh Swordfish Line Caught,$ 5.99,lb
Hood 1% Milk,$ 3.99,each
Hood 1% Lowfat Milk,$ 2.49,each
Hood 2% Reduced Fat Milk,$ 3.99,each
Hood 2% Milk,$ 2.49,each
Hood Whole Milk,$ 3.99,each
Hood Whole Milk,$ 2.49,each
Hood 1% Milk,$ 3.99,each
Hood 1% Lowfat Milk,$ 2.49,each
Hood 2% Reduced Fat Milk,$ 3.99,each
Hood 2% Milk,$ 2.49,each
Hood Whole Milk,$ 3.99,each
Hood Whole Milk,$ 2.49,each
Hood 1% Milk,$ 3.99,each
Hood 1% Lowfat Milk,$ 2.49,each
Hood 2% Reduced Fat Milk,$ 3.99,each
Hood 2% Milk,$ 2.49,each
Hood Whole Milk,$ 3.99,each
Hood Whole Milk,$ 2.49,each
Extra Large Brown Eggs,$ 2.29,each
Extra Large White Eggs,$ 2.49,each
Large Brown Eggs,$ 1.99,each
Large White Eggs,$ 2.29,each
Extra Large Brown Eggs,$ 2.29,each
Extra Large White Eggs,$ 2.49,each
Large Brown Eggs,$ 1.99,each
Large White Eggs,$ 2.29,each
Extra Large Brown Eggs,$ 2.29,each
Extra Large White Eggs,$ 2.49,each
Large Brown Eggs,$ 1.99,each
Large White Eggs,$ 2.29,each
Almond Breeze Original Unsweetened Almondmilk,$ 3.49,each
Almond Breeze Vanilla Unsweetened Almondmilk,$ 3.49,each
Lactaid 2% Reduced Fat Milk,$ 3.99,each
Lactaid Whole Milk,$ 3.99,each
Planet Oat Original Oat Milk,$ 3.69,each
Planet Oat Vanilla Oat Milk,$ 3.69,each
Rolling Hills Farm Organic Soy Milk,$ 2.99,each
Rolling Hills Farm Organic Vanilla Soy Milk,$ 2.99,each
Almond Breeze Original Unsweetened Almondmilk,$ 3.49,each
Almond Breeze Vanilla Unsweetened Almondmilk,$ 3.49,each
Lactaid 2% Reduced Fat Milk,$ 3.99,each
Lactaid Whole Milk,$ 3.99,each
Planet Oat Original Oat Milk,$ 3.69,each
Planet Oat Vanilla Oat Milk,$ 3.69,each
Rolling Hills Farm Organic Soy Milk,$ 2.99,each
Rolling Hills Farm Organic Vanilla Soy Milk,$ 2.99,each
Almond Breeze Original Unsweetened Almondmilk,$ 3.49,each
Almond Breeze Vanilla Unsweetened Almondmilk,$ 3.49,each
Lactaid 2% Reduced Fat Milk,$ 3.99,each
Lactaid Whole Milk,$ 3.99,each
Planet Oat Original Oat Milk,$ 3.69,each
Planet Oat Vanilla Oat Milk,$ 3.69,each
Rolling Hills Farm Organic Soy Milk,$ 2.99,each
Rolling Hills Farm Organic Vanilla Soy Milk,$ 2.99,each
Cabot Salted Butter,$ 3.99,each
Cabot Unsalted Butter,$ 3.99,each
Cloverdale Salted Butter,$ 2.79,each
Cloverdale Unsalted Butter,$ 2.79,each
Grassland Salted Butter,$ 3.49,each
Cabot Salted Butter,$ 3.99,each
Cabot Unsalted Butter,$ 3.99,each
Cloverdale Salted Butter,$ 2.79,each
Cloverdale Unsalted Butter,$ 2.79,each
Grassland Salted Butter,$ 3.49,each
Cabot Salted Butter,$ 3.99,each
Cabot Unsalted Butter,$ 3.99,each
Cloverdale Salted Butter,$ 2.79,each
Cloverdale Unsalted Butter,$ 2.79,each
Grassland Salted Butter,$ 3.49,each
Hood All Natural Sour Cream,$ 1.99,each
Hood Country Style Cottage Cheese,$ 2.49,each
Hood Half and Half Ultra-Pasteurized,$ 1.69,each
Hood Ultra Pasteurized Light Cream,$ 1.99,each
Hood All Natural Sour Cream,$ 1.99,each
Hood Country Style Cottage Cheese,$ 2.49,each
Hood Half and Half Ultra-Pasteurized,$ 1.69,each
Hood Ultra Pasteurized Light Cream,$ 1.99,each
Hood All Natural Sour Cream,$ 1.99,each
Hood Country Style Cottage Cheese,$ 2.49,each
Hood Half and Half Ultra-Pasteurized,$ 1.69,each
Hood Ultra Pasteurized Light Cream,$ 1.99,each
La Yogurt Blueberry Nonfat Yogurt,$ 0.59,each
La Yogurt Peach Nonfat Yogurt,$ 0.59,each
La Yogurt Plain Fat Free Unsweetened Yogurt,$ 2.49,each
La Yogurt Plain Lowfat Unsweetened Yogurt,$ 2.49,each
La Yogurt Plain Whole Milk Unsweetened Yogurt,$ 2.49,each
La Yogurt Strawberry Nonfat Yogurt,$ 0.59,each
La Yogurt Vanilla Fat Free Yogurt,$ 2.49,each
La Yogurt Vanilla Nonfat Yogurt,$ 0.59,each
La Yogurt Blueberry Nonfat Yogurt,$ 0.59,each
La Yogurt Peach Nonfat Yogurt,$ 0.59,each
La Yogurt Plain Fat Free Unsweetened Yogurt,$ 2.49,each
La Yogurt Plain Lowfat Unsweetened Yogurt,$ 2.49,each
La Yogurt Plain Whole Milk Unsweetened Yogurt,$ 2.49,each
La Yogurt Strawberry Nonfat Yogurt,$ 0.59,each
La Yogurt Vanilla Fat Free Yogurt,$ 2.49,each
La Yogurt Vanilla Nonfat Yogurt,$ 0.59,each
La Yogurt Blueberry Nonfat Yogurt,$ 0.59,each
La Yogurt Peach Nonfat Yogurt,$ 0.59,each
La Yogurt Plain Fat Free Unsweetened Yogurt,$ 2.49,each
La Yogurt Plain Lowfat Unsweetened Yogurt,$ 2.49,each
La Yogurt Plain Whole Milk Unsweetened Yogurt,$ 2.49,each
La Yogurt Strawberry Nonfat Yogurt,$ 0.59,each
La Yogurt Vanilla Fat Free Yogurt,$ 2.49,each
La Yogurt Vanilla Nonfat Yogurt,$ 0.59,each
BelGioioso Fontina Cheese,$ 3.99,each
BelGioioso Fresh Mozzarella Cheese Ball,$ 3.99,each
Belgioioso Parmesan Cheese Wedge,$ 3.99,each
Capra Goat Cheese,$ 5.69,each
Dutch Farms Mozzarella Cheese Bar,$ 2.49,each
Dutch Farms Sharp Cheddar Cheese Block,$ 2.49,each
Dutch Farms White Sharp Cheddar Cheese Block,$ 2.49,each
Eiffel Tower Baby Brie,$ 3.99,each
Que Gusto Cotija Cheese,$ 3.99,each
Que Gusto Fresco Cheese,$ 3.49,each
Dutch Farms Colby Block Cheese,$ 2.49,each
BelGioioso Fontina Cheese,$ 3.99,each
BelGioioso Fresh Mozzarella Cheese Ball,$ 3.99,each
Belgioioso Parmesan Cheese Wedge,$ 3.99,each
Capra Goat Cheese,$ 5.69,each
Dutch Farms Mozzarella Cheese Bar,$ 2.49,each
Dutch Farms Sharp Cheddar Cheese Block,$ 2.49,each
Dutch Farms White Sharp Cheddar Cheese Block,$ 2.49,each
Eiffel Tower Baby Brie,$ 3.99,each
Que Gusto Cotija Cheese,$ 3.99,each
Que Gusto Fresco Cheese,$ 3.49,each
Dutch Farms Colby Block Cheese,$ 2.49,each
BelGioioso Fontina Cheese,$ 3.99,each
BelGioioso Fresh Mozzarella Cheese Ball,$ 3.99,each
Belgioioso Parmesan Cheese Wedge,$ 3.99,each
Capra Goat Cheese,$ 5.69,each
Dutch Farms Mozzarella Cheese Bar,$ 2.49,each
Dutch Farms Sharp Cheddar Cheese Block,$ 2.49,each
Dutch Farms White Sharp Cheddar Cheese Block,$ 2.49,each
Eiffel Tower Baby Brie,$ 3.99,each
Que Gusto Cotija Cheese,$ 3.99,each
Que Gusto Fresco Cheese,$ 3.49,each
Dutch Farms Colby Block Cheese,$ 2.49,each
Dutch Farms Shredded Cheddar Jack Cheese,$ 2.69,each
Dutch Farms Shredded Mexican Cheese Blend,$ 2.69,each
Dutch Farms Shredded Parmesan Cheese,$ 3.49,each
Dutch Farms Shredded Pizza Cheese Blend,$ 2.69,each
Dutch Farms Shredded Cheddar Jack Cheese,$ 2.69,each
Dutch Farms Shredded Mexican Cheese Blend,$ 2.69,each
Dutch Farms Shredded Parmesan Cheese,$ 3.49,each
Dutch Farms Shredded Pizza Cheese Blend,$ 2.69,each
Dutch Farms Shredded Cheddar Jack Cheese,$ 2.69,each
Dutch Farms Shredded Mexican Cheese Blend,$ 2.69,each
Dutch Farms Shredded Parmesan Cheese,$ 3.49,each
Dutch Farms Shredded Pizza Cheese Blend,$ 2.69,each
American Heritage Traditional Smooth & Creamy Cream Cheese,$ 1.69,each
Dutch Farms String Cheese,$ 3.49,each
Dutch Farms Feta,$ 2.69,each
Chavrie Goat Cheese,$ 3.99,each
American Heritage Traditional Smooth & Creamy Cream Cheese,$ 1.69,each
Dutch Farms String Cheese,$ 3.49,each
Dutch Farms Feta,$ 2.69,each
Chavrie Goat Cheese,$ 3.99,each
American Heritage Traditional Smooth & Creamy Cream Cheese,$ 1.69,each
Dutch Farms String Cheese,$ 3.49,each
Dutch Farms Feta,$ 2.69,each
Chavrie Goat Cheese,$ 3.99,each
Dutch Farms Gouda Cheese Slices,$ 2.69,each
Dutch Farms Gouda Cheese Slices,$ 2.49,each
Dutch Farms Mozzarella Cheese Slices,$ 2.69,each
Dutch Farms Provolone Cheese Slices,$ 2.69,each
Dutch Farms Swiss Cheese Slices,$ 2.69,each
Great Lakes Mild Cheddar Cheese Slices,$ 5.99,each
Great Lakes Mozzarella Cheese Slices,$ 5.99,each
Great Lakes Pepperjack Cheese Slices,$ 5.99,each
Great Lakes White Cheddar Cheese Slices,$ 5.99,each
Dutch Farms Gouda Cheese Slices,$ 2.69,each
Dutch Farms Gouda Cheese Slices,$ 2.49,each
Dutch Farms Mozzarella Cheese Slices,$ 2.69,each
Dutch Farms Provolone Cheese Slices,$ 2.69,each
Dutch Farms Swiss Cheese Slices,$ 2.69,each
Great Lakes Mild Cheddar Cheese Slices,$ 5.99,each
Great Lakes Mozzarella Cheese Slices,$ 5.99,each
Great Lakes Pepperjack Cheese Slices,$ 5.99,each
Great Lakes White Cheddar Cheese Slices,$ 5.99,each
Dutch Farms Gouda Cheese Slices,$ 2.69,each
Dutch Farms Gouda Cheese Slices,$ 2.49,each
Dutch Farms Mozzarella Cheese Slices,$ 2.69,each
Dutch Farms Provolone Cheese Slices,$ 2.69,each
Dutch Farms Swiss Cheese Slices,$ 2.69,each
Great Lakes Mild Cheddar Cheese Slices,$ 5.99,each
Great Lakes Mozzarella Cheese Slices,$ 5.99,each
Great Lakes Pepperjack Cheese Slices,$ 5.99,each
Great Lakes White Cheddar Cheese Slices,$ 5.99,each
Cool Mints Pepper Mint,$ 0.99,each
Cool Mints Wintergreen,$ 0.99,each
Cool Mints Pepper Mint,$ 0.99,each
Cool Mints Wintergreen,$ 0.99,each
Cool Mints Pepper Mint,$ 0.99,each
Cool Mints Wintergreen,$ 0.99,each
Best Yet Dry Roasted Peanuts,$ 2.49,each
Best Yet Honey Roasted Peanuts,$ 2.49,each
Best Yet Honey Roasted Peanuts,$ 2.49,each
Best Yet Lightly Salted Roasted Peanuts,$ 2.49,each
Blue Diamond Bold Sriracha Almonds,$ 3.99,lb
Blue Diamond Honey Roasted Almonds,$ 3.99,each
Daily Table Freedom Trail Mix,$ 2.99,each
Daily Table Freedom Trail Mix,$ 2.99,each
Daily Table Patriots Trail Mix,$ 3.49,each
Daily Table Raisins,$ 2.29,each
Daily Table Raw Almonds,$ 4.99,each
Daily Table Raw Almonds,$ 4.99,each
Daily Table Raw Cashews,$ 5.99,each
Daily Table Raw Cashews,$ 5.99,each
Daily Table Roasted & Salted Almonds,$ 4.99,each
Daily Table Roasted & Salted Almonds,$ 4.99,each
Daily Table Roasted & Salted Cashews,$ 6.29,each
Daily Table Roasted & Salted Cashews,$ 6.29,each
Daily Table Roasted & Salted Peanuts,$ 2.49,each
Daily Table Roasted & Salted Pistachios,$ 3.99,each
Daily Table Roasted & Salted Pistachios,$ 3.99,each
Daily Table Roasted Almonds No Salt,$ 4.99,each
Daily Table Roasted Almonds No Salt,$ 4.99,each
Daily Table Roasted Cashews No Salt,$ 6.29,each
Daily Table Roasted Cashews No Salt,$ 6.29,each
Daily Table Smoked Almonds,$ 5.49,each
Daily Table Smoked Almonds,$ 5.49,each
Daily Table Walnuts,$ 3.69,each
Daily Table Walnuts,$ 3.69,each
Wonderful In-Shell Pistachio,$ 0.99,each
Spectrum Organic Chia Seeds,$ 2.99,each
Annie's Cheddar Bunnies,$ 3.49,each
Athenos Baked Whole Wheat Pita Chips,$ 2.49,each
Athenos Original Baked Pita Chips,$ 2.49,each
Cheez It Original,$ 3.99,each
Club Crackers Multi Grain,$ 3.99,each
Club Crackers Original,$ 3.99,each
Quaker Lightly Salted Rice Cakes,$ 2.99,each
Annie's Cheddar Bunnies,$ 3.49,each
Athenos Baked Whole Wheat Pita Chips,$ 2.49,each
Athenos Original Baked Pita Chips,$ 2.49,each
Cheez It Original,$ 3.99,each
Club Crackers Multi Grain,$ 3.99,each
Club Crackers Original,$ 3.99,each
Quaker Lightly Salted Rice Cakes,$ 2.99,each
Annie's Cheddar Bunnies,$ 3.49,each
Athenos Baked Whole Wheat Pita Chips,$ 2.49,each
Athenos Original Baked Pita Chips,$ 2.49,each
Cheez It Original,$ 3.99,each
Club Crackers Multi Grain,$ 3.99,each
Club Crackers Original,$ 3.99,each
Quaker Lightly Salted Rice Cakes,$ 2.99,each
Ocean Spray Reduced Sugar Craisins,$ 2.49,each
Ocean Spray Reduced Sugar Craisins,$ 2.49,each
Ocean Spray Reduced Sugar Craisins,$ 2.49,each
Best Yet Corn Chips,$ 1.99,each
Best Yet White Round Tortilla Chips,$ 1.99,each
Chex Mix Cheddar,$ 2.99,each
Chex Mix Traditional,$ 2.99,each
Skinny Pop,$ 0.89,each
PopChips BBQ,$ 1.49,each
Terra Sweet Potato Chips No Salt,$ 1.99,each
Barnana Lime Plantain Chips,$ 1.99,each
Poptime,$ 1.99,each
Skinny Pop Microwave Butter Popcorn,$ 1.99,each
Best Yet Corn Chips,$ 1.99,each
Best Yet White Round Tortilla Chips,$ 1.99,each
Chex Mix Cheddar,$ 2.99,each
Chex Mix Traditional,$ 2.99,each
Skinny Pop,$ 0.89,each
PopChips BBQ,$ 1.49,each
Terra Sweet Potato Chips No Salt,$ 1.99,each
Barnana Lime Plantain Chips,$ 1.99,each
Poptime,$ 1.99,each
Skinny Pop Microwave Butter Popcorn,$ 1.99,each
Best Yet Corn Chips,$ 1.99,each
Best Yet White Round Tortilla Chips,$ 1.99,each
Chex Mix Cheddar,$ 2.99,each
Chex Mix Traditional,$ 2.99,each
Skinny Pop,$ 0.89,each
PopChips BBQ,$ 1.49,each
Terra Sweet Potato Chips No Salt,$ 1.99,each
Barnana Lime Plantain Chips,$ 1.99,each
Poptime,$ 1.99,each
Skinny Pop Microwave Butter Popcorn,$ 1.99,each
Cuetara Campechana Cookies,$ 0.89,each
Cuetara Maria Cookies,$ 0.49,each
Stauffer's Ginger Snaps,$ 2.29,each
Stauffer's Lemon Snaps,$ 2.29,each
Cuetara Campechana Cookies,$ 0.89,each
Cuetara Maria Cookies,$ 0.49,each
Stauffer's Ginger Snaps,$ 2.29,each
Stauffer's Lemon Snaps,$ 2.29,each
Cuetara Campechana Cookies,$ 0.89,each
Cuetara Maria Cookies,$ 0.49,each
Stauffer's Ginger Snaps,$ 2.29,each
Stauffer's Lemon Snaps,$ 2.29,each
Jose Ole Chicken Taquitos,$ 5.99,each
Marie Callender's Chicken Pot Pie,$ 2.59,lb
MorningStar Farms Garden Veggie Burgers 4ct,$ 3.99,each
Nancy's Florentine Quiche,$ 2.49,each
Tower Isle's Jamaican Patties,$ 4.99,each
Jose Ole Chicken Taquitos,$ 5.99,each
Marie Callender's Chicken Pot Pie,$ 2.59,lb
MorningStar Farms Garden Veggie Burgers 4ct,$ 3.99,each
Nancy's Florentine Quiche,$ 2.49,each
Tower Isle's Jamaican Patties,$ 4.99,each
Jose Ole Chicken Taquitos,$ 5.99,each
Marie Callender's Chicken Pot Pie,$ 2.59,lb
MorningStar Farms Garden Veggie Burgers 4ct,$ 3.99,each
Nancy's Florentine Quiche,$ 2.49,each
Tower Isle's Jamaican Patties,$ 4.99,each
Best Yet Frozen Cut Corn,$ 1.49,each
Best Yet Frozen Cut Green Beans,$ 1.29,each
Best Yet Frozen Cut Leaf Spinach,$ 1.69,each
Best Yet Frozen Green Peas,$ 1.49,each
Best Yet Frozen Stir Fry Vegetables,$ 1.69,each
"Cornerstone Blackberries, Frozen",$ 2.99,each
"Cornerstone Blueberries, Frozen",$ 2.99,each
"Cornerstone Mango Chunks, Frozen",$ 2.49,each
"Cornerstone Pineapple Chunks, Frozen",$ 2.99,each
"Cornerstone Sliced Peaches, Frozen",$ 2.99,each
"Cornerstone Triple Berry Blend, Frozen",$ 2.99,each
"Cornerstone Whole Strawberries, Frozen",$ 2.99,each
Regal Nonpareil Broccoli Florets,$ 2.99,each
"Regal Nonpareil California Blend Veggies, Frozen",$ 2.99,each
"Regal Nonpareil Cut Okra, Frozen",$ 2.99,each
Regal Nonpareil Frozen Green Beans,$ 2.49,each
Best Yet Frozen Cut Corn,$ 1.49,each
Best Yet Frozen Cut Green Beans,$ 1.29,each
Best Yet Frozen Cut Leaf Spinach,$ 1.69,each
Best Yet Frozen Green Peas,$ 1.49,each
Best Yet Frozen Stir Fry Vegetables,$ 1.69,each
"Cornerstone Blackberries, Frozen",$ 2.99,each
"Cornerstone Blueberries, Frozen",$ 2.99,each
"Cornerstone Mango Chunks, Frozen",$ 2.49,each
"Cornerstone Pineapple Chunks, Frozen",$ 2.99,each
"Cornerstone Sliced Peaches, Frozen",$ 2.99,each
"Cornerstone Triple Berry Blend, Frozen",$ 2.99,each
"Cornerstone Whole Strawberries, Frozen",$ 2.99,each
Regal Nonpareil Broccoli Florets,$ 2.99,each
"Regal Nonpareil California Blend Veggies, Frozen",$ 2.99,each
"Regal Nonpareil Cut Okra, Frozen",$ 2.99,each
Regal Nonpareil Frozen Green Beans,$ 2.49,each
Best Yet Frozen Cut Corn,$ 1.49,each
Best Yet Frozen Cut Green Beans,$ 1.29,each
Best Yet Frozen Cut Leaf Spinach,$ 1.69,each
Best Yet Frozen Green Peas,$ 1.49,each
Best Yet Frozen Stir Fry Vegetables,$ 1.69,each
"Cornerstone Blackberries, Frozen",$ 2.99,each
"Cornerstone Blueberries, Frozen",$ 2.99,each
"Cornerstone Mango Chunks, Frozen",$ 2.49,each
"Cornerstone Pineapple Chunks, Frozen",$ 2.99,each
"Cornerstone Sliced Peaches, Frozen",$ 2.99,each
"Cornerstone Triple Berry Blend, Frozen",$ 2.99,each
"Cornerstone Whole Strawberries, Frozen",$ 2.99,each
Regal Nonpareil Broccoli Florets,$ 2.99,each
"Regal Nonpareil California Blend Veggies, Frozen",$ 2.99,each
"Regal Nonpareil Cut Okra, Frozen",$ 2.99,each
Regal Nonpareil Frozen Green Beans,$ 2.49,each
Buona Vita Italian Style Meatballs (Chicken & Beef),$ 5.99,each
GA Whiting Fillets,$ 5.99,each
Gorton's Natural Catch Grilled Fillets Garlic Butter,$ 3.49,each
Signature Select Uncooked Chicken Wing 4#,$ 8.99,each
Frozen Beef Strip Steak,$ 5.99,lb
"Best Yet 31/40 Cooked Shrimp P&D, 1lb",$ 7.99,each
"Best Yet 31/40 Raw Shrimp, 1lb",$ 6.99,each
Frozen Strip Steaks,$ 17.91,2.99 lb
Marcello Shaved Steak,$ 5.99,each
Buona Vita Italian Style Meatballs (Chicken & Beef),$ 5.99,each
GA Whiting Fillets,$ 5.99,each
Gorton's Natural Catch Grilled Fillets Garlic Butter,$ 3.49,each
Signature Select Uncooked Chicken Wing 4#,$ 8.99,each
Frozen Beef Strip Steak,$ 5.99,lb
"Best Yet 31/40 Cooked Shrimp P&D, 1lb",$ 7.99,each
"Best Yet 31/40 Raw Shrimp, 1lb",$ 6.99,each
Frozen Strip Steaks,$ 17.91,2.99 lb
Marcello Shaved Steak,$ 5.99,each
Buona Vita Italian Style Meatballs (Chicken & Beef),$ 5.99,each
GA Whiting Fillets,$ 5.99,each
Gorton's Natural Catch Grilled Fillets Garlic Butter,$ 3.49,each
Signature Select Uncooked Chicken Wing 4#,$ 8.99,each
Frozen Beef Strip Steak,$ 5.99,lb
"Best Yet 31/40 Cooked Shrimp P&D, 1lb",$ 7.99,each
"Best Yet 31/40 Raw Shrimp, 1lb",$ 6.99,each
Frozen Strip Steaks,$ 17.91,2.99 lb
Marcello Shaved Steak,$ 5.99,each
Kellogg's Eggo Homestyle Waffles,$ 2.89,each
Pillsbury Bacon Toaster Scrambles,$ 2.99,each
Kellogg's Eggo Homestyle Waffles,$ 2.89,each
Pillsbury Bacon Toaster Scrambles,$ 2.99,each
Kellogg's Eggo Homestyle Waffles,$ 2.89,each
Pillsbury Bacon Toaster Scrambles,$ 2.99,each
Chang Shing Firm Tofu,$ 1.99,each
Chang Shing Pressed Tofu,$ 1.99,each
Chang Shing Firm Tofu,$ 1.99,each
Chang Shing Pressed Tofu,$ 1.99,each
Chang Shing Firm Tofu,$ 1.99,each
Chang Shing Pressed Tofu,$ 1.99,each
Ball Park Bun Size Franks Hot Dogs,$ 3.99,each
Healthy Ones Deli Thin Sliced Honey Ham,$ 3.49,each
Hillshire Farms Ultra Thin Roast Beef,$ 3.99,each
Hillshire Farm Honey Ham Lower Sodium,$ 3.99,each
Ball Park Bun Size Franks Hot Dogs,$ 3.99,each
Healthy Ones Deli Thin Sliced Honey Ham,$ 3.49,each
Hillshire Farms Ultra Thin Roast Beef,$ 3.99,each
Hillshire Farm Honey Ham Lower Sodium,$ 3.99,each
Ball Park Bun Size Franks Hot Dogs,$ 3.99,each
Healthy Ones Deli Thin Sliced Honey Ham,$ 3.49,each
Hillshire Farms Ultra Thin Roast Beef,$ 3.99,each
Hillshire Farm Honey Ham Lower Sodium,$ 3.99,each
Cacique Homestyle Hot Salsa,$ 2.99,each
Cacique Traditional Mild Salsa,$ 2.99,each
Cindy's Citrus Beet Vinaigrette,$ 1.99,each
Athenos Original Hummus,$ 2.29,each
Cacique Homestyle Hot Salsa,$ 2.99,each
Cacique Traditional Mild Salsa,$ 2.99,each
Cindy's Citrus Beet Vinaigrette,$ 1.99,each
Athenos Original Hummus,$ 2.29,each
Cacique Homestyle Hot Salsa,$ 2.99,each
Cacique Traditional Mild Salsa,$ 2.99,each
Cindy's Citrus Beet Vinaigrette,$ 1.99,each
Athenos Original Hummus,$ 2.29,each
Barilla Whole Grain Rotini,$ 1.69,each
Barilla Whole Grain Spaghetti,$ 1.69,each
Best Yet Medium Egg Noodles,$ 1.89,each
Best Yet Thick & Creamy Macaroni & Cheese,$ 0.79,each
Exceptional Value Mac & Cheese Dinner,$ 0.69,each
Exceptional Value Shells & Cheddar Dinner,$ 1.99,each
Full Circle Gluten Free Penne Pasta,$ 1.69,each
Pastalia Elbow Pasta,$ 0.79,each
Pastalia Penne Pasta,$ 0.79,each
Pastalia Spaghetti Pasta,$ 0.79,each
Pastalia Ziti Pasta,$ 0.79,each
WA Ramen Noodles,$ 0.99,each
Barilla Whole Grain Rotini,$ 1.69,each
Barilla Whole Grain Spaghetti,$ 1.69,each
Best Yet Medium Egg Noodles,$ 1.89,each
Best Yet Thick & Creamy Macaroni & Cheese,$ 0.79,each
Exceptional Value Mac & Cheese Dinner,$ 0.69,each
Exceptional Value Shells & Cheddar Dinner,$ 1.99,each
Full Circle Gluten Free Penne Pasta,$ 1.69,each
Pastalia Elbow Pasta,$ 0.79,each
Pastalia Penne Pasta,$ 0.79,each
Pastalia Spaghetti Pasta,$ 0.79,each
Pastalia Ziti Pasta,$ 0.79,each
WA Ramen Noodles,$ 0.99,each
Barilla Whole Grain Rotini,$ 1.69,each
Barilla Whole Grain Spaghetti,$ 1.69,each
Best Yet Medium Egg Noodles,$ 1.89,each
Best Yet Thick & Creamy Macaroni & Cheese,$ 0.79,each
Exceptional Value Mac & Cheese Dinner,$ 0.69,each
Exceptional Value Shells & Cheddar Dinner,$ 1.99,each
Full Circle Gluten Free Penne Pasta,$ 1.69,each
Pastalia Elbow Pasta,$ 0.79,each
Pastalia Penne Pasta,$ 0.79,each
Pastalia Spaghetti Pasta,$ 0.79,each
Pastalia Ziti Pasta,$ 0.79,each
WA Ramen Noodles,$ 0.99,each
Best Yet No Salt Added Tomato Sauce,$ 0.49,each
Best Yet Tomato Sauce,$ 0.49,each
Del Monte Pasta Sauce Traditional,$ 1.29,each
Del Monte Pasta Sauce Traditional,$ 1.29,each
Del Monte Spagetti Sauce with Meat,$ 1.29,each
Del Monte Spagetti Sauce with Meat,$ 1.29,each
Furmano's Pizza Sauce Original,$ 1.49,each
Newman's Own Marinara Sauce,$ 2.99,each
Newman's Own Pasta Sauce Tomato & Basil Bombolina,$ 2.99,lb
Best Yet No Salt Added Tomato Sauce,$ 0.49,each
Best Yet Tomato Sauce,$ 0.49,each
Del Monte Pasta Sauce Traditional,$ 1.29,each
Del Monte Pasta Sauce Traditional,$ 1.29,each
Del Monte Spagetti Sauce with Meat,$ 1.29,each
Del Monte Spagetti Sauce with Meat,$ 1.29,each
Furmano's Pizza Sauce Original,$ 1.49,each
Newman's Own Marinara Sauce,$ 2.99,each
Newman's Own Pasta Sauce Tomato & Basil Bombolina,$ 2.99,lb
Best Yet No Salt Added Tomato Sauce,$ 0.49,each
Best Yet Tomato Sauce,$ 0.49,each
Del Monte Pasta Sauce Traditional,$ 1.29,each
Del Monte Pasta Sauce Traditional,$ 1.29,each
Del Monte Spagetti Sauce with Meat,$ 1.29,each
Del Monte Spagetti Sauce with Meat,$ 1.29,each
Furmano's Pizza Sauce Original,$ 1.49,each
Newman's Own Marinara Sauce,$ 2.99,each
Newman's Own Pasta Sauce Tomato & Basil Bombolina,$ 2.99,lb
Best Yet Bran Flakes,$ 2.29,each
Best Yet Cereal Toasted Oats,$ 1.99,each
Best Yet Corn Flakes,$ 1.99,each
Best Yet Honey Oats & Flakes,$ 2.49,each
Best Yet Old Fashioned Oats,$ 1.99,each
Best Yet Quick Oats,$ 1.99,each
Best Yet Raisin Bran,$ 2.49,each
Cheerios,$ 3.69,each
Kellogg's Raisin Bran,$ 3.99,lb
Multigrain Cheerios,$ 4.69,each
Quaker Quick 5-Minute Grits,$ 2.49,each
Jeff's Granola Cinnamon Raisin,$ 2.99,each
Jeff's Granola Maple Raisin,$ 2.99,each
Rise and Shine Apple Cinnamon Oatmeal Cups,$ 1.29,each
Rise and Shine Maple Oatmeal cups,$ 1.29,each
Best Yet Bran Flakes,$ 2.29,each
Best Yet Cereal Toasted Oats,$ 1.99,each
Best Yet Corn Flakes,$ 1.99,each
Best Yet Honey Oats & Flakes,$ 2.49,each
Best Yet Old Fashioned Oats,$ 1.99,each
Best Yet Quick Oats,$ 1.99,each
Best Yet Raisin Bran,$ 2.49,each
Cheerios,$ 3.69,each
Kellogg's Raisin Bran,$ 3.99,lb
Multigrain Cheerios,$ 4.69,each
Quaker Quick 5-Minute Grits,$ 2.49,each
Jeff's Granola Cinnamon Raisin,$ 2.99,each
Jeff's Granola Maple Raisin,$ 2.99,each
Rise and Shine Apple Cinnamon Oatmeal Cups,$ 1.29,each
Rise and Shine Maple Oatmeal cups,$ 1.29,each
Best Yet Bran Flakes,$ 2.29,each
Best Yet Cereal Toasted Oats,$ 1.99,each
Best Yet Corn Flakes,$ 1.99,each
Best Yet Honey Oats & Flakes,$ 2.49,each
Best Yet Old Fashioned Oats,$ 1.99,each
Best Yet Quick Oats,$ 1.99,each
Best Yet Raisin Bran,$ 2.49,each
Cheerios,$ 3.69,each
Kellogg's Raisin Bran,$ 3.99,lb
Multigrain Cheerios,$ 4.69,each
Quaker Quick 5-Minute Grits,$ 2.49,each
Jeff's Granola Cinnamon Raisin,$ 2.99,each
Jeff's Granola Maple Raisin,$ 2.99,each
Rise and Shine Apple Cinnamon Oatmeal Cups,$ 1.29,each
Rise and Shine Maple Oatmeal cups,$ 1.29,each
Best Yet Classic Yellow Mustard,$ 1.49,each
Best Yet Herb & Garlic Marinade,$ 1.69,each
Best Yet Honey Mustard Dressing,$ 1.79,each
Best Yet Hot Salsa Sauce,$ 1.99,each
Best Yet Light Ranch Dressing,$ 1.99,each
Best Yet Lite Italian Dressing,$ 1.69,each
Best Yet Low Sodium Soy Sauce,$ 1.69,each
Best Yet Mayonnaise,$ 2.49,each
Best Yet Medium Salsa Sauce,$ 1.99,each
Best Yet Original Steak Sauce,$ 1.99,each
Best Yet Tartar Sauce,$ 1.79,each
Best Yet Teriyaki Sauce,$ 1.69,each
Best Yet Tomato Ketchup,$ 1.49,each
Best Yet Worcestershire Sauce,$ 1.59,each
Culinary Tours Szechuan Peanut Sauce,$ 4.49,each
Exceptional Value BBQ Sauce Hickory,$ 1.49,each
Exceptional Value BBQ Sauce Original,$ 1.49,each
Frank's Original Red Hot Sauce,$ 3.59,each
French's Classic Yellow Mustard,$ 1.99,each
Goya Mayonnaise,$ 2.49,each
"Goya Pimiento Stuffed Olives, Reduced Sodium",$ 1.99,each
"Goya Salad Olives, Reduced Sodium",$ 1.99,each
Goya Salsa Picante Hot Sauce,$ 1.99,each
Kikkoman Less Sodium Soy Sauce,$ 2.99,each
La Triguena Chopped Garlic,$ 1.49,each
Napoli Roasted Red Peppers,$ 1.99,each
Newman's Own Medium Salsa,$ 2.99,each
Newman's Own Mild Salsa,$ 2.99,each
Red Devil Hot Sauce,$ 1.79,each
Spur Tree Curry Seasoning,$ 3.29,each
Spur Tree Jerk Seasoning,$ 3.29,each
Dynasty Gyoza Dipping Sauce,$ 1.49,each
Cindy's Citrus Beet Vinaigrette,$ 1.49,each
Sky Valley Teriyaki Sauce,$ 1.99,each
Best Yet Black Beans,$ 0.79,each
Best Yet Cut Wax Beans,$ 0.89,each
Best Yet Diced Tomatoes,$ 0.89,each
Best Yet Garbanzo Beans,$ 0.89,each
Best Yet Pinto Beans,$ 0.79,each
Best Yet Tomato Paste,$ 0.69,each
Best Yet Whole Kernel Sweet Corn,$ 0.79,each
Best Yet Whole Peeled Tomatoes,$ 1.79,each
Goya Black Beans,$ 0.99,each
Goya Black Beans Low Sodium,$ 0.99,each
Goya Chick Peas Garbanzos,$ 0.99,each
"Goya Chick Peas Garbanzos, Reduced Sodium",$ 0.99,each
Goya Diced Tomatoes,$ 0.99,each
Goya Green Pigeon Peas,$ 1.29,each
Goya Red Kidney Beans,$ 0.99,each
Goya Small Red Beans,$ 0.99,each
Goya Small White Beans,$ 1.19,each
Goya Tomato Paste,$ 0.89,each
Napoli Crushed Tomato,$ 1.99,each
Best Yet Black Beans,$ 0.79,each
Best Yet Cut Wax Beans,$ 0.89,each
Best Yet Diced Tomatoes,$ 0.89,each
Best Yet Garbanzo Beans,$ 0.89,each
Best Yet Pinto Beans,$ 0.79,each
Best Yet Tomato Paste,$ 0.69,each
Best Yet Whole Kernel Sweet Corn,$ 0.79,each
Best Yet Whole Peeled Tomatoes,$ 1.79,each
Goya Black Beans,$ 0.99,each
Goya Black Beans Low Sodium,$ 0.99,each
Goya Chick Peas Garbanzos,$ 0.99,each
"Goya Chick Peas Garbanzos, Reduced Sodium",$ 0.99,each
Goya Diced Tomatoes,$ 0.99,each
Goya Green Pigeon Peas,$ 1.29,each
Goya Red Kidney Beans,$ 0.99,each
Goya Small Red Beans,$ 0.99,each
Goya Small White Beans,$ 1.19,each
Goya Tomato Paste,$ 0.89,each
Napoli Crushed Tomato,$ 1.99,each
Best Yet Black Beans,$ 0.79,each
Best Yet Cut Wax Beans,$ 0.89,each
Best Yet Diced Tomatoes,$ 0.89,each
Best Yet Garbanzo Beans,$ 0.89,each
Best Yet Pinto Beans,$ 0.79,each
Best Yet Tomato Paste,$ 0.69,each
Best Yet Whole Kernel Sweet Corn,$ 0.79,each
Best Yet Whole Peeled Tomatoes,$ 1.79,each
Goya Black Beans,$ 0.99,each
Goya Black Beans Low Sodium,$ 0.99,each
Goya Chick Peas Garbanzos,$ 0.99,each
"Goya Chick Peas Garbanzos, Reduced Sodium",$ 0.99,each
Goya Diced Tomatoes,$ 0.99,each
Goya Green Pigeon Peas,$ 1.29,each
Goya Red Kidney Beans,$ 0.99,each
Goya Small Red Beans,$ 0.99,each
Goya Small White Beans,$ 1.19,each
Goya Tomato Paste,$ 0.89,each
Napoli Crushed Tomato,$ 1.99,each
Best Yet Apple Cider Vinegar,$ 1.59,each
Best Yet Extra Virgin Olive Oil,$ 3.49,each
Best Yet Pure Olive Oil,$ 4.99,each
Best Yet Red Wine Vinegar,$ 0.99,each
Best Yet Vegetable Oil,$ 4.49,each
Best Yet White Vinegar,$ 1.29,each
Exceptional Value Canola Oil,$ 2.69,each
Best Yet Apple Cider Vinegar,$ 1.59,each
Best Yet Extra Virgin Olive Oil,$ 3.49,each
Best Yet Pure Olive Oil,$ 4.99,each
Best Yet Red Wine Vinegar,$ 0.99,each
Best Yet Vegetable Oil,$ 4.49,each
Best Yet White Vinegar,$ 1.29,each
Exceptional Value Canola Oil,$ 2.69,each
Best Yet Apple Cider Vinegar,$ 1.59,each
Best Yet Extra Virgin Olive Oil,$ 3.49,each
Best Yet Pure Olive Oil,$ 4.99,each
Best Yet Red Wine Vinegar,$ 0.99,each
Best Yet Vegetable Oil,$ 4.49,each
Best Yet White Vinegar,$ 1.29,each
Exceptional Value Canola Oil,$ 2.69,each
Best Yet Dry Black Beans,$ 0.99,each
Best Yet Light Red Kidney Beans,$ 1.49,each
Best Yet Long Grain Brown Rice,$ 1.99,each
Best Yet Long Grain White Rice,$ 1.99,each
Bombay Basmati Rice,$ 1.99,each
Canilla Extra Long Grain White Rice,$ 1.49,each
Canilla Extra Long Grain White Rice,$ 4.49,each
Goya Chick Peas Garbanzos,$ 1.79,each
Goya Coarse Corn Meal,$ 1.49,each
Goya Dry Black Beans,$ 1.49,each
Goya Dry Pinto Beans,$ 1.99,each
Goya Dry Red Kidney Beans,$ 1.99,each
Goya Fine Corn Meal,$ 1.49,each
Goya Lentils,$ 1.49,each
Goya Medium Grain Brown Rice,$ 1.29,each
Goya Medium Grain Brown Rice,$ 2.49,each
Goya Medium Grain White Rice,$ 1.39,each
Goya Medium Grain White Rice,$ 4.99,each
Goya Red Lentils,$ 1.49,each
Goya Yellow Split Peas,$ 1.29,each
Madame Gougousse Parboiled Rice,$ 2.59,each
Madame Gougousse 10 lb Parboiled Rice,$ 6.49,each
Best Yet Dry Black Beans,$ 0.99,each
Best Yet Light Red Kidney Beans,$ 1.49,each
Best Yet Long Grain Brown Rice,$ 1.99,each
Best Yet Long Grain White Rice,$ 1.99,each
Bombay Basmati Rice,$ 1.99,each
Canilla Extra Long Grain White Rice,$ 1.49,each
Canilla Extra Long Grain White Rice,$ 4.49,each
Goya Chick Peas Garbanzos,$ 1.79,each
Goya Coarse Corn Meal,$ 1.49,each
Goya Dry Black Beans,$ 1.49,each
Goya Dry Pinto Beans,$ 1.99,each
Goya Dry Red Kidney Beans,$ 1.99,each
Goya Fine Corn Meal,$ 1.49,each
Goya Lentils,$ 1.49,each
Goya Medium Grain Brown Rice,$ 1.29,each
Goya Medium Grain Brown Rice,$ 2.49,each
Goya Medium Grain White Rice,$ 1.39,each
Goya Medium Grain White Rice,$ 4.99,each
Goya Red Lentils,$ 1.49,each
Goya Yellow Split Peas,$ 1.29,each
Madame Gougousse Parboiled Rice,$ 2.59,each
Madame Gougousse 10 lb Parboiled Rice,$ 6.49,each
Best Yet Dry Black Beans,$ 0.99,each
Best Yet Light Red Kidney Beans,$ 1.49,each
Best Yet Long Grain Brown Rice,$ 1.99,each
Best Yet Long Grain White Rice,$ 1.99,each
Bombay Basmati Rice,$ 1.99,each
Canilla Extra Long Grain White Rice,$ 1.49,each
Canilla Extra Long Grain White Rice,$ 4.49,each
Goya Chick Peas Garbanzos,$ 1.79,each
Goya Coarse Corn Meal,$ 1.49,each
Goya Dry Black Beans,$ 1.49,each
Goya Dry Pinto Beans,$ 1.99,each
Goya Dry Red Kidney Beans,$ 1.99,each
Goya Fine Corn Meal,$ 1.49,each
Goya Lentils,$ 1.49,each
Goya Medium Grain Brown Rice,$ 1.29,each
Goya Medium Grain Brown Rice,$ 2.49,each
Goya Medium Grain White Rice,$ 1.39,each
Goya Medium Grain White Rice,$ 4.99,each
Goya Red Lentils,$ 1.49,each
Goya Yellow Split Peas,$ 1.29,each
Madame Gougousse Parboiled Rice,$ 2.59,each
Madame Gougousse 10 lb Parboiled Rice,$ 6.49,each
Badia Adobo with Pepper,$ 2.99,each
Badia Adobo with Pepper,$ 1.69,each
Badia Adobo without Pepper,$ 2.99,each
Badia Adobo without Pepper,$ 1.69,each
Badia Chili Powder,$ 1.59,each
Badia Cinnamon Powder,$ 0.69,each
Badia Cinnamon Sticks,$ 1.59,each
Badia Crushed Red Pepper,$ 2.29,each
Badia Curry Powder,$ 1.59,each
Badia Garlic Powder,$ 1.59,each
Badia Ground Bay Leaves,$ 0.69,each
Badia Ground Cayenne Pepper,$ 1.59,each
Badia Ground Cumin,$ 0.69,each
Badia Ground Ginger,$ 1.59,each
Badia Ground Oregano,$ 1.59,each
Badia Ground Sage,$ 1.69,each
Badia Onion Powder,$ 1.59,each
Badia Rosemary,$ 0.69,each
Badia Thyme Leaves,$ 0.69,each
Badia Whole Bay Leaves,$ 0.69,each
Badia Whole Black Pepper,$ 0.69,each
Best Yet Black Pepper Tin,$ 2.49,each
Best Yet Crushed Red Pepper,$ 0.69,each
Badia Paprika,$ 1.59,each
Badia Whole Cloves,$ 1.99,each
Badia Organic Turmeric,$ 2.69,each
Badia Garlic Salt,$ 1.59,each
Badia Lemon Pepper Seasoning,$ 3.49,each
Badia Cajun Seasoning,$ 1.59,each
Badia Italian Seasoning,$ 2.69,each
Badia Seafood Seasoning,$ 2.69,each
Badia Poultry Seasoning,$ 2.69,each
Badia Steak Seasoning,$ 2.69,each
Badia Tropical Sazon Green,$ 2.69,each
Badia Garlic Powder,$ 3.69,each
Badia Crushed Red Pepper,$ 2.69,each
Badia Salt Grinder,$ 2.69,each
Badia Black Pepper Grinder,$ 2.99,each
Morton Kosher Salt,$ 3.69,each
Garden of Eatin Taco Seasoning 1.4 oz,$ 0.49,each
Best Yet All Purpose Flour,$ 1.49,each
Best Yet Baking Powder,$ 1.49,each
Best Yet Baking Soda,$ 0.79,each
Best Yet Complete Pancake Mix,$ 2.39,each
Best Yet Evaporated Milk,$ 0.99,each
Best Yet Granulated Sugar,$ 1.89,each
Best Yet Light Brown Sugar,$ 2.39,each
Best Yet Plain Bread Crumbs,$ 1.59,each
Heckers All Natural 100% Whole Wheat Flour,$ 2.39,each
Madame Gougousse Coconut Milk Leche de Coco,$ 0.99,each
Best Yet All Purpose Flour,$ 1.49,each
Best Yet Baking Powder,$ 1.49,each
Best Yet Baking Soda,$ 0.79,each
Best Yet Complete Pancake Mix,$ 2.39,each
Best Yet Evaporated Milk,$ 0.99,each
Best Yet Granulated Sugar,$ 1.89,each
Best Yet Light Brown Sugar,$ 2.39,each
Best Yet Plain Bread Crumbs,$ 1.59,each
Heckers All Natural 100% Whole Wheat Flour,$ 2.39,each
Madame Gougousse Coconut Milk Leche de Coco,$ 0.99,each
Best Yet All Purpose Flour,$ 1.49,each
Best Yet Baking Powder,$ 1.49,each
Best Yet Baking Soda,$ 0.79,each
Best Yet Complete Pancake Mix,$ 2.39,each
Best Yet Evaporated Milk,$ 0.99,each
Best Yet Granulated Sugar,$ 1.89,each
Best Yet Light Brown Sugar,$ 2.39,each
Best Yet Plain Bread Crumbs,$ 1.59,each
Heckers All Natural 100% Whole Wheat Flour,$ 2.39,each
Madame Gougousse Coconut Milk Leche de Coco,$ 0.99,each
Best Yet Honey Bear,$ 2.99,each
Best Yet Unsweetened Applesauce 6-pack,$ 1.99,each
HoneyTree's Pure Honey,$ 3.29,each
Smucker's Low Sugar Grape Jelly,$ 2.99,each
Smucker's Low Sugar Strawberry Jelly,$ 3.49,each
"Teddie, Smooth & Salted, All Natural Peanut Butter",$ 2.99,each
Teddie Peanut Butter Chunky,$ 1.99,each
Teddie Peanut Butter Smooth,$ 1.99,each
"Teddie, Chunky, All Natural Peanut Butter",$ 2.99,each
"Teddie, Unsalted Smooth, All Natural Peanut Butter",$ 2.99,each
Marrakesh Matbutcha Spread,$ 0.99,each
Best Yet Honey Bear,$ 2.99,each
Best Yet Unsweetened Applesauce 6-pack,$ 1.99,each
HoneyTree's Pure Honey,$ 3.29,each
Smucker's Low Sugar Grape Jelly,$ 2.99,each
Smucker's Low Sugar Strawberry Jelly,$ 3.49,each
"Teddie, Smooth & Salted, All Natural Peanut Butter",$ 2.99,each
Teddie Peanut Butter Chunky,$ 1.99,each
Teddie Peanut Butter Smooth,$ 1.99,each
"Teddie, Chunky, All Natural Peanut Butter",$ 2.99,each
"Teddie, Unsalted Smooth, All Natural Peanut Butter",$ 2.99,each
Marrakesh Matbutcha Spread,$ 0.99,each
Best Yet Honey Bear,$ 2.99,each
Best Yet Unsweetened Applesauce 6-pack,$ 1.99,each
HoneyTree's Pure Honey,$ 3.29,each
Smucker's Low Sugar Grape Jelly,$ 2.99,each
Smucker's Low Sugar Strawberry Jelly,$ 3.49,each
"Teddie, Smooth & Salted, All Natural Peanut Butter",$ 2.99,each
Teddie Peanut Butter Chunky,$ 1.99,each
Teddie Peanut Butter Smooth,$ 1.99,each
"Teddie, Chunky, All Natural Peanut Butter",$ 2.99,each
"Teddie, Unsalted Smooth, All Natural Peanut Butter",$ 2.99,each
Marrakesh Matbutcha Spread,$ 0.99,each
Best Yet Beef Broth,$ 1.69,each
Best Yet Chicken Broth,$ 1.69,each
Best Yet Reduced Sodium Chicken Broth,$ 1.69,each
Campbell's Chunky Chicken & Rice Soup,$ 2.69,each
Campbell's Chunky Savory Vegetable Soup,$ 2.69,each
Campbell's Homestyle Chicken Noodle Soup,$ 1.89,each
Progresso Hearty Tomato Soup,$ 2.59,each
Progresso Minestrone Soup,$ 2.49,each
Progresso Reduced Sodium Minestrone Soup,$ 2.59,each
Progresso Tuscan-Style White Bean Soup,$ 2.59,each
Imagine Foods Low Sodium Vegetable Broth,$ 1.79,each
Best Yet Beef Broth,$ 1.69,each
Best Yet Chicken Broth,$ 1.69,each
Best Yet Reduced Sodium Chicken Broth,$ 1.69,each
Campbell's Chunky Chicken & Rice Soup,$ 2.69,each
Campbell's Chunky Savory Vegetable Soup,$ 2.69,each
Campbell's Homestyle Chicken Noodle Soup,$ 1.89,each
Progresso Hearty Tomato Soup,$ 2.59,each
Progresso Minestrone Soup,$ 2.49,each
Progresso Reduced Sodium Minestrone Soup,$ 2.59,each
Progresso Tuscan-Style White Bean Soup,$ 2.59,each
Imagine Foods Low Sodium Vegetable Broth,$ 1.79,each
Best Yet Beef Broth,$ 1.69,each
Best Yet Chicken Broth,$ 1.69,each
Best Yet Reduced Sodium Chicken Broth,$ 1.69,each
Campbell's Chunky Chicken & Rice Soup,$ 2.69,each
Campbell's Chunky Savory Vegetable Soup,$ 2.69,each
Campbell's Homestyle Chicken Noodle Soup,$ 1.89,each
Progresso Hearty Tomato Soup,$ 2.59,each
Progresso Minestrone Soup,$ 2.49,each
Progresso Reduced Sodium Minestrone Soup,$ 2.59,each
Progresso Tuscan-Style White Bean Soup,$ 2.59,each
Imagine Foods Low Sodium Vegetable Broth,$ 1.79,each
Best Yet Chunk Lite Tuna in Water,$ 0.99,each
Crown Prince Flat Anchovies,$ 1.79,each
Best Yet Chunk Lite Tuna in Water,$ 0.99,each
Crown Prince Flat Anchovies,$ 1.79,each
Best Yet Chunk Lite Tuna in Water,$ 0.99,each
Crown Prince Flat Anchovies,$ 1.79,each
Calise Bakery Kaiser Whole Wheat Rolls,$ 2.99,each
Holsum English Muffins,$ 1.99,each
Zeppy's Plain Bagels,$ 2.49,each
Zeppy's Bagels Blueberry,$ 2.49,each
Zeppy's Bagels Everything,$ 2.49,each
Penn Street Dinner Rolls 12 count,$ 3.29,each
Calise Bakery Kaiser Whole Wheat Rolls,$ 2.99,each
Holsum English Muffins,$ 1.99,each
Zeppy's Plain Bagels,$ 2.49,each
Zeppy's Bagels Blueberry,$ 2.49,each
Zeppy's Bagels Everything,$ 2.49,each
Penn Street Dinner Rolls 12 count,$ 3.29,each
Calise Bakery Kaiser Whole Wheat Rolls,$ 2.99,each
Holsum English Muffins,$ 1.99,each
Zeppy's Plain Bagels,$ 2.49,each
Zeppy's Bagels Blueberry,$ 2.49,each
Zeppy's Bagels Everything,$ 2.49,each
Penn Street Dinner Rolls 12 count,$ 3.29,each
Jessica's Tuscan Wheat Sliced Bread,$ 1.99,each
Jessica's Tuscan White Sliced Bread,$ 1.99,each
Jessica's Sourdough Sliced Bread,$ 1.99,each
Stone and Skillet Original English Muffins,$ 1.99,each
Holsum Split Top Wheat Bread,$ 2.49,each
Holsum White Bread,$ 2.49,each
Jessica's Tuscan Wheat Sliced Bread,$ 1.99,each
Jessica's Tuscan White Sliced Bread,$ 1.99,each
Jessica's Sourdough Sliced Bread,$ 1.99,each
Stone and Skillet Original English Muffins,$ 1.99,each
Holsum Split Top Wheat Bread,$ 2.49,each
Holsum White Bread,$ 2.49,each
Jessica's Tuscan Wheat Sliced Bread,$ 1.99,each
Jessica's Tuscan White Sliced Bread,$ 1.99,each
Jessica's Sourdough Sliced Bread,$ 1.99,each
Stone and Skillet Original English Muffins,$ 1.99,each
Holsum Split Top Wheat Bread,$ 2.49,each
Holsum White Bread,$ 2.49,each
"Best Yet Soft Flour Tortillas 6""",$ 0.99,each
Chi Chi's Whole Wheat Fajita Style Tortillas,$ 2.29,each
"Best Yet Soft Flour Tortillas 6""",$ 0.99,each
Chi Chi's Whole Wheat Fajita Style Tortillas,$ 2.29,each
"Best Yet Soft Flour Tortillas 6""",$ 0.99,each
Chi Chi's Whole Wheat Fajita Style Tortillas,$ 2.29,each
Cafe Caribe Coffee,$ 2.89,each
Down East 100% Colombian Ground Coffee,$ 5.99,each
Down East 100% Colombian Ground Coffee,$ 4.99,each
Down East Cinnamon Hazelnut Ground Coffee,$ 5.99,each
Down East Cinnamon Hazelnut Ground Coffee,$ 4.99,each
Down East Dark Roast Ground Coffee,$ 5.99,each
Down East Dark Roast Ground Coffee,$ 4.99,each
Down East Morning Blend Ground Coffee,$ 5.99,each
Down East Morning Blend Ground Coffee,$ 4.99,each
Equal Exchange French Vanilla,$ 3.99,each
Loco Coffee Cold Brew Coffee with Oat milk,$ 0.99,each
Cafe Caribe Coffee,$ 2.89,each
Down East 100% Colombian Ground Coffee,$ 5.99,each
Down East 100% Colombian Ground Coffee,$ 4.99,each
Down East Cinnamon Hazelnut Ground Coffee,$ 5.99,each
Down East Cinnamon Hazelnut Ground Coffee,$ 4.99,each
Down East Dark Roast Ground Coffee,$ 5.99,each
Down East Dark Roast Ground Coffee,$ 4.99,each
Down East Morning Blend Ground Coffee,$ 5.99,each
Down East Morning Blend Ground Coffee,$ 4.99,each
Equal Exchange French Vanilla,$ 3.99,each
Loco Coffee Cold Brew Coffee with Oat milk,$ 0.99,each
Cafe Caribe Coffee,$ 2.89,each
Down East 100% Colombian Ground Coffee,$ 5.99,each
Down East 100% Colombian Ground Coffee,$ 4.99,each
Down East Cinnamon Hazelnut Ground Coffee,$ 5.99,each
Down East Cinnamon Hazelnut Ground Coffee,$ 4.99,each
Down East Dark Roast Ground Coffee,$ 5.99,each
Down East Dark Roast Ground Coffee,$ 4.99,each
Down East Morning Blend Ground Coffee,$ 5.99,each
Down East Morning Blend Ground Coffee,$ 4.99,each
Equal Exchange French Vanilla,$ 3.99,each
Loco Coffee Cold Brew Coffee with Oat milk,$ 0.99,each
Best Yet Black Cherry Seltzer,$ 0.69,each
Best Yet Lemon Lime Seltzer,$ 0.69,each
Best Yet Original Seltzer,$ 0.69,each
Best Yet Raspberry Seltzer,$ 0.69,each
Polar Raspberry Lime Seltzer,$ 0.69,each
Polar Seltzer Black Cherry,$ 0.89,each
Polar Seltzer Black Cherry,$ 0.69,each
Polar Seltzer Black Cherry Case,$ 4.99,each
Polar Seltzer Lemon,$ 0.69,each
Polar Seltzer Lemon Case,$ 4.99,each
Polar Seltzer Lime,$ 0.69,each
Polar Seltzer Original,$ 0.89,each
Polar Seltzer Original,$ 0.69,each
Polar Seltzer Original,$ 0.69,each
Polar Seltzer Original Case,$ 4.99,each
Polar Seltzer Pineapple Pomelo,$ 0.89,each
Polar Seltzer Raspberry Lime,$ 0.89,each
Polar Seltzer Raspberry Lime,$ 0.69,each
Polar Seltzer Raspberry Lime Case,$ 4.99,each
Polar Seltzer Ruby Red Grapefruit,$ 0.89,each
Polar Seltzer Strawberry Watermelon,$ 0.89,each
Polar Tart Cherry Limeade Can,$ 0.69,each
Polar Tart Cherry Limeade 8 Pack,$ 4.99,each
Polar Start fruit Lemonade Can,$ 0.69,each
Polar Star Fruit Lemonade 8 Pack,$ 4.99,each
Polar Blood Orange Lemonade Can,$ 0.69,each
Polar Blood Orange Lemonade 8 Pack,$ 4.99,each
Best Yet Green Tea,$ 2.49,each
Exceptional Value Tea Bags,$ 1.99,each
Celestial Seasoning Green Tea Small Pack,$ 0.20,each
Celestial Seasoning Black Tea with Energy Small Pack,$ 0.20,each
Celestial Seasonings English Breakfast Small Pack,$ 0.20,each
Best Yet Green Tea,$ 2.49,each
Exceptional Value Tea Bags,$ 1.99,each
Celestial Seasoning Green Tea Small Pack,$ 0.20,each
Celestial Seasoning Black Tea with Energy Small Pack,$ 0.20,each
Celestial Seasonings English Breakfast Small Pack,$ 0.20,each
Best Yet Green Tea,$ 2.49,each
Exceptional Value Tea Bags,$ 1.99,each
Celestial Seasoning Green Tea Small Pack,$ 0.20,each
Celestial Seasoning Black Tea with Energy Small Pack,$ 0.20,each
Celestial Seasonings English Breakfast Small Pack,$ 0.20,each
Purified water,$ 3.99,each
Purified water,$ 3.99,each
Purified water,$ 3.99,each
American Wrap Aluminum Foil,$ 0.99,each
"Cavalier Gallon Bags, Zipper Seal",$ 1.49,each
Cavalier Plastic Wrap,$ 0.99,each
"Cavalier Sandwich Bags, Zipper Seal",$ 1.29,each
Cavalier Tall Kitchen Trash Bag,$ 0.99,each
Green Heritage Toilet Paper Roll,$ 0.69,each
Nature's Own Green Label Paper Plates,$ 0.99,each
Daily Table Reusable Tote Bags,$ 0.99,each
"Everyday Value Paper Towel, 3pk",$ 2.29,each
American Wrap Aluminum Foil,$ 0.99,each
"Cavalier Gallon Bags, Zipper Seal",$ 1.49,each
Cavalier Plastic Wrap,$ 0.99,each
"Cavalier Sandwich Bags, Zipper Seal",$ 1.29,each
Cavalier Tall Kitchen Trash Bag,$ 0.99,each
Green Heritage Toilet Paper Roll,$ 0.69,each
Nature's Own Green Label Paper Plates,$ 0.99,each
Daily Table Reusable Tote Bags,$ 0.99,each
"Everyday Value Paper Towel, 3pk",$ 2.29,each
American Wrap Aluminum Foil,$ 0.99,each
"Cavalier Gallon Bags, Zipper Seal",$ 1.49,each
Cavalier Plastic Wrap,$ 0.99,each
"Cavalier Sandwich Bags, Zipper Seal",$ 1.29,each
Cavalier Tall Kitchen Trash Bag,$ 0.99,each
Green Heritage Toilet Paper Roll,$ 0.69,each
Nature's Own Green Label Paper Plates,$ 0.99,each
Daily Table Reusable Tote Bags,$ 0.99,each
"Everyday Value Paper Towel, 3pk",$ 2.29,each
First Force Concentrated Ultra Citrus Grove Dish Detergent,$ 0.99,each
Lucky Kitchen Citrus Handsoap,$ 1.59,each
Lucky Lavender Liquid Hand Soap,$ 1.59,each
Mistolin Lavender Scented Multipurpose Cleaner,$ 0.99,each
Alba Lip Balm 25 SPF,$ 0.49,each
First Force Concentrated Ultra Citrus Grove Dish Detergent,$ 0.99,each
Lucky Kitchen Citrus Handsoap,$ 1.59,each
Lucky Lavender Liquid Hand Soap,$ 1.59,each
Mistolin Lavender Scented Multipurpose Cleaner,$ 0.99,each
Alba Lip Balm 25 SPF,$ 0.49,each
First Force Concentrated Ultra Citrus Grove Dish Detergent,$ 0.99,each
Lucky Kitchen Citrus Handsoap,$ 1.59,each
Lucky Lavender Liquid Hand Soap,$ 1.59,each
Mistolin Lavender Scented Multipurpose Cleaner,$ 0.99,each
Alba Lip Balm 25 SPF,$ 0.49,each
